ngay,tenTram,year,month,day,doCaoDinhT,doCaoChanT,wl_mean,residual_peak,alarm_level,tide_max,tide_min,tide_mean,tide_range,tide_mean_lag1,rain,rain_max_intensity,rain_hours,rain_lag1,rain_lag2,rain_lag3,rain_lag7,rain_roll3,rain_roll7,rain_mean3,rain_mean7,month_sin,month_cos,doy_sin,doy_cos,dist_to_river_m,tide_inf_sigmoid,tide_inf_exp,pct_impervious,channel_length_m,channel_density_m_m2,lon,lat
2022-09-01,Củ Chi,2022,9,1,,,,,,3.974,1.687,2.8394583333333334,2.287,2.8251666666666666,6.0,2.8,5.0,0.0,0.0,0.0,0.0,6.0,6.0,6.0,6.0,-1.0,-1.8369701987210297e-16,-0.8702939222685674,-0.49253272872205434,841.645767323727,0.0318,0.1858,0.5212,1033.88,0.000329,106.512778,10.955556
2022-09-02,Củ Chi,2022,9,2,,,,,,3.84,1.575,2.841333333333333,2.265,2.8394583333333334,19.0,5.2,12.0,6.0,0.0,0.0,0.0,25.0,25.0,12.5,12.5,-1.0,-1.8369701987210297e-16,-0.8786374941610001,-0.4774894280028391,841.645767323727,0.0318,0.1858,0.5212,1033.88,0.000329,106.512778,10.955556
2022-09-03,Củ Chi,2022,9,3,,,,,,3.826,1.396,2.8196250000000003,2.43,2.841333333333333,0.2,0.2,1.0,19.0,6.0,0.0,0.0,25.2,25.2,8.4,8.4,-1.0,-1.8369701987210297e-16,-0.886721063082993,-0.46230483047981086,841.645767323727,0.0318,0.1858,0.5212,1033.88,0.000329,106.512778,10.955556
2022-09-04,Củ Chi,2022,9,4,,,,,,3.698,1.317,2.731625,2.381,2.8196250000000003,0.0,0.0,0.0,0.2,19.0,6.0,0.0,19.2,25.2,6.3999999999999995,6.3,-1.0,-1.8369701987210297e-16,-0.8945422369764496,-0.4469834295196741,841.645767323727,0.0318,0.1858,0.5212,1033.88,0.000329,106.512778,10.955556
2022-09-05,Củ Chi,2022,9,5,,,,,,3.758,1.125,2.831666666666667,2.633,2.731625,5.0,3.8,3.0,0.0,0.2,19.0,0.0,5.2,30.2,1.7333333333333334,6.04,-1.0,-1.8369701987210297e-16,-0.9020987014301837,-0.43152975897147144,841.645767323727,0.0318,0.1858,0.5212,1033.88,0.000329,106.512778,10.955556
2022-09-06,Củ Chi,2022,9,6,,,,,,3.952,1.14,3.02775,2.8120000000000003,2.831666666666667,10.2,1.8,15.0,5.0,0.0,0.2,0.0,15.2,40.4,5.066666666666666,6.733333333333333,-1.0,-1.8369701987210297e-16,-0.9093882203647925,-0.4159483918249421,841.645767323727,0.0318,0.1858,0.5212,1033.88,0.000329,106.512778,10.955556
2022-09-07,Củ Chi,2022,9,7,,,,,,4.056,0.75,2.777375,3.306,3.02775,27.8,9.8,13.0,10.2,5.0,0.0,0.0,43.0,68.2,14.333333333333334,9.742857142857144,-1.0,-1.8369701987210297e-16,-0.9164086366943458,-0.4002439388573056,841.645767323727,0.0318,0.1858,0.5212,1033.88,0.000329,106.512778,10.955556
2022-09-08,Củ Chi,2022,9,8,,,,,,4.075,0.589,2.7864166666666663,3.486,2.777375,0.2,0.2,1.0,27.8,10.2,5.0,6.0,38.2,62.4,12.733333333333334,8.914285714285715,-1.0,-1.8369701987210297e-16,-0.9231578729647039,-0.38442104726885545,841.645767323727,0.0318,0.1858,0.5212,1033.88,0.000329,106.512778,10.955556
2022-09-09,Củ Chi,2022,9,9,,,,,,4.181,0.646,3.0386666666666664,3.535,2.7864166666666663,5.8,4.6,4.0,0.2,27.8,10.2,19.0,33.8,49.2,11.266666666666666,7.028571428571429,-1.0,-1.8369701987210297e-16,-0.9296339319682695,-0.3684843993077793,841.645767323727,0.0318,0.1858,0.5212,1033.88,0.000329,106.512778,10.955556
2022-09-10,Củ Chi,2022,9,10,,,,,,4.161,0.651,2.873208333333333,3.51,3.0386666666666664,7.800000000000001,3.2,4.0,5.8,0.2,27.8,0.2,13.8,56.8,4.6000000000000005,8.114285714285714,-1.0,-1.8369701987210297e-16,-0.9358348973349941,-0.35243871088460327,841.645767323727,0.0318,0.1858,0.5212,1033.88,0.000329,106.512778,10.955556
2022-09-11,Củ Chi,2022,9,11,,,,,,4.244,0.86,2.911666666666666,3.384,2.873208333333333,2.2,0.4,10.0,7.800000000000001,5.8,0.2,0.0,15.8,59.0,5.266666666666667,8.428571428571429,-1.0,-1.8369701987210297e-16,-0.9417589340994617,-0.33628873017668287,841.645767323727,0.0318,0.1858,0.5212,1033.88,0.000329,106.512778,10.955556
2022-09-12,Củ Chi,2022,9,12,,,,,,4.252,1.119,2.935791666666667,3.133,2.911666666666666,10.2,4.0,19.0,2.2,7.800000000000001,5.8,5.0,20.2,64.19999999999999,6.733333333333333,9.171428571428569,-1.0,-1.8369701987210297e-16,-0.9474042892438845,-0.32003923622313857,841.645767323727,0.0318,0.1858,0.5212,1033.88,0.000329,106.512778,10.955556
2022-09-13,Củ Chi,2022,9,13,,,,,,4.172,1.456,3.07995,2.716,2.935791666666667,0.0,0.0,0.0,10.2,2.2,7.800000000000001,10.2,12.399999999999999,54.0,4.133333333333333,7.714285714285714,-1.0,-1.8369701987210297e-16,-0.9527692922168511,-0.30369503751065885,841.645767323727,0.0318,0.1858,0.5212,1033.88,0.000329,106.512778,10.955556
2022-09-14,Củ Chi,2022,9,14,,,,,,3.97,1.486,2.736913043478261,2.484,3.07995,0.0,0.0,0.0,0.0,10.2,2.2,27.8,10.2,26.2,3.4,3.742857142857143,-1.0,-1.8369701987210297e-16,-0.9578523554276669,-0.28726097055059635,841.645767323727,0.0318,0.1858,0.5212,1033.88,0.000329,106.512778,10.955556
2022-09-15,Củ Chi,2022,9,15,,,,,,3.785,1.237,2.7232916666666664,2.548,2.736913043478261,2.4,0.8,5.0,0.0,0.0,10.2,0.2,2.4,28.4,0.7999999999999999,4.057142857142857,-1.0,-1.8369701987210297e-16,-0.9626519747161487,-0.2707418984477642,841.645767323727,0.0318,0.1858,0.5212,1033.88,0.000329,106.512778,10.955556
2022-09-16,Củ Chi,2022,9,16,,,,,,3.656,1.387,2.795333333333333,2.269,2.7232916666666664,0.0,0.0,0.0,2.4,0.0,0.0,5.8,2.4,22.599999999999998,0.7999999999999999,3.228571428571428,-1.0,-1.8369701987210297e-16,-0.9671667297977312,-0.2541427094613622,841.645767323727,0.0318,0.1858,0.5212,1033.88,0.000329,106.512778,10.955556
2022-09-17,Củ Chi,2022,9,17,,,,,,3.549,1.41,2.8156250000000003,2.139,2.795333333333333,0.8,0.2,4.0,0.0,2.4,0.0,7.800000000000001,3.2,15.599999999999998,1.0666666666666667,2.228571428571428,-1.0,-1.8369701987210297e-16,-0.97139528468375,-0.23746831555846842,841.645767323727,0.0318,0.1858,0.5212,1033.88,0.000329,106.512778,10.955556
2022-09-18,Củ Chi,2022,9,18,,,,,,3.539,1.466,2.7972083333333333,2.0730000000000004,2.8156250000000003,6.4,3.0,5.0,0.8,0.0,2.4,2.2,7.200000000000001,19.8,2.4000000000000004,2.8285714285714287,-1.0,-1.8369701987210297e-16,-0.9753363880767837,-0.2207236509605022,841.645767323727,0.0318,0.1858,0.5212,1033.88,0.000329,106.512778,10.955556
2022-09-19,Củ Chi,2022,9,19,,,,,,3.541,1.519,2.7564166666666665,2.022,2.7972083333333333,1.4,1.2,2.0,6.4,0.8,0.0,10.2,8.600000000000001,11.0,2.866666666666667,1.5714285714285714,-1.0,-1.8369701987210297e-16,-0.9789888737409319,-0.20391367068311472,841.645767323727,0.0318,0.1858,0.5212,1033.88,0.000329,106.512778,10.955556
2022-09-20,Củ Chi,2022,9,20,,,,,,3.688,1.485,2.7772916666666667,2.2030000000000003,2.7564166666666665,0.4,0.2,2.0,1.4,6.4,0.8,0.0,8.200000000000001,11.4,2.733333333333334,1.6285714285714286,-1.0,-1.8369701987210297e-16,-0.9823516608469237,-0.18704334906991657,841.645767323727,0.0318,0.1858,0.5212,1033.88,0.000329,106.512778,10.955556
2022-09-21,Củ Chi,2022,9,21,,,,,,3.831,1.659,2.9345,2.172,2.7772916666666667,0.0,0.0,0.0,0.4,1.4,6.4,0.0,1.8000000000000007,11.4,0.6000000000000002,1.6285714285714286,-1.0,-1.8369701987210297e-16,-0.9854237542919524,-0.17011767832049052,841.645767323727,0.0318,0.1858,0.5212,1033.88,0.000329,106.512778,10.955556
2022-09-22,Củ Chi,2022,9,22,,,,,,3.756,1.322,2.799375,2.434,2.9345,1.0,0.4,4.0,0.0,0.4,1.4,2.4,1.4000000000000008,10.0,0.46666666666666695,1.4285714285714286,-1.0,-1.8369701987210297e-16,-0.9882042449941422,-0.15314166701312007,841.645767323727,0.0318,0.1858,0.5212,1033.88,0.000329,106.512778,10.955556
2022-09-23,Củ Chi,2022,9,23,,,,,,3.909,1.314,2.853375,2.595,2.799375,9.4,4.2,12.0,1.0,0.0,0.4,0.0,10.400000000000002,19.4,3.4666666666666672,2.7714285714285714,-1.0,-1.8369701987210297e-16,-0.9906923101615609,-0.13612033862266704,841.645767323727,0.0318,0.1858,0.5212,1033.88,0.000329,106.512778,10.955556
2022-09-24,Củ Chi,2022,9,24,,,,,,4.08,1.255,2.927583333333333,2.825,2.853375,11.4,4.0,9.0,9.4,1.0,0.0,0.8,21.8,30.0,7.266666666666667,4.285714285714286,-1.0,-1.8369701987210297e-16,-0.9928872135356962,-0.11905873003404988,841.645767323727,0.0318,0.1858,0.5212,1033.88,0.000329,106.512778,10.955556
2022-09-25,Củ Chi,2022,9,25,,,,,,4.203,1.218,2.957208333333333,2.9850000000000003,2.927583333333333,31.6,8.4,35.0,11.4,9.4,1.0,6.4,52.400000000000006,55.2,17.46666666666667,7.885714285714286,-1.0,-1.8369701987210297e-16,-0.994788305609327,-0.10196189005174576,841.645767323727,0.0318,0.1858,0.5212,1033.88,0.000329,106.512778,10.955556
2022-09-26,Củ Chi,2022,9,26,,,,,,4.097,1.301,2.9108750000000003,2.7960000000000003,2.957208333333333,20.4,14.0,18.0,31.6,11.4,9.4,1.4,63.400000000000006,74.2,21.133333333333336,10.6,-1.0,-1.8369701987210297e-16,-0.9963950238187231,-0.08483487790576538,841.645767323727,0.0318,0.1858,0.5212,1033.88,0.000329,106.512778,10.955556
2022-09-27,Củ Chi,2022,9,27,,,,,,4.139,1.517,2.891125,2.6220000000000003,2.9108750000000003,5.2,4.0,3.0,20.4,31.6,11.4,0.4,57.199999999999996,79.0,19.066666666666666,11.285714285714286,-1.0,-1.8369701987210297e-16,-0.9977068927101168,-0.06768276175455162,841.645767323727,0.0318,0.1858,0.5212,1033.88,0.000329,106.512778,10.955556
2022-09-28,Củ Chi,2022,9,28,,,,,,4.349,1.399,2.907875,2.95,2.891125,0.2,0.2,1.0,5.2,20.4,31.6,0.0,25.799999999999997,79.2,8.6,11.314285714285715,-1.0,-1.8369701987210297e-16,-0.9987235240803972,-0.050510617185222886,841.645767323727,0.0318,0.1858,0.5212,1033.88,0.000329,106.512778,10.955556
2022-09-29,Củ Chi,2022,9,29,0.9281543400596004,-0.8208456599403997,0.2102420593578459,-3.2998456599403996,0.0,4.228,1.155,2.9440416666666667,3.0729999999999995,2.907875,4.4,0.6,16.0,0.2,5.2,20.4,1.0,9.8,82.6,3.266666666666667,11.799999999999999,-1.0,-1.8369701987210297e-16,-0.9994446170919858,-0.033323525711631344,841.645767323727,0.0318,0.1858,0.5212,1033.88,0.000329,106.512778,10.955556
2022-09-30,Củ Chi,2022,9,30,0.9481543400596004,-0.8608456599403996,0.23768559005960033,-3.1828456599403996,0.0,4.131,1.122,2.9355,3.0090000000000003,2.9440416666666667,0.2,0.2,1.0,4.4,0.2,5.2,9.4,4.800000000000001,73.4,1.6000000000000003,10.485714285714286,-1.0,-1.8369701987210297e-16,-0.9998699583618592,-0.016126573270657762,841.645767323727,0.0318,0.1858,0.5212,1033.88,0.000329,106.512778,10.955556
2022-10-01,Củ Chi,2022,10,1,0.8771543400596002,-0.9418456599403996,0.2074668400596003,-3.0288456599403997,0.0,3.906,0.975,2.8995833333333336,2.931,2.9355,0.4,0.2,2.0,0.2,4.4,0.2,11.4,5.0,62.4,1.6666666666666667,8.914285714285715,-0.8660254037844386,0.5000000000000001,-0.9999994220246925,0.001075151282798226,841.645767323727,0.0318,0.1858,0.5212,1033.88,0.000329,106.512778,10.955556
2022-10-02,Củ Chi,2022,10,2,0.9091543400596004,-0.9418456599403996,0.238008506726267,-2.9118456599403997,0.0,3.821,0.98,2.92,2.841,2.8995833333333336,0.8,0.2,4.0,0.4,0.2,4.4,31.6,1.4000000000000001,31.599999999999998,0.46666666666666673,4.514285714285714,-0.8660254037844386,0.5000000000000001,-0.999832969770105,0.018276557681691223,841.645767323727,0.0318,0.1858,0.5212,1033.88,0.000329,106.512778,10.955556
2022-10-03,Củ Chi,2022,10,3,0.8511543400596004,-1.1348456599403995,0.18035225672626698,-2.928845659940399,0.0,3.78,1.093,2.9312083333333336,2.687,2.92,10.4,5.4,3.0,0.8,0.4,0.2,20.4,11.600000000000001,21.6,3.866666666666667,3.085714285714286,-0.8660254037844386,0.5000000000000001,-0.9993706508539969,0.03547255575312556,841.645767323727,0.0318,0.1858,0.5212,1033.88,0.000329,106.512778,10.955556
2022-10-04,Củ Chi,2022,10,4,0.8751543400596005,-1.3088456599403997,0.09567864561515588,-3.1228456599404,0.0,3.998,1.282,2.9364166666666667,2.716,2.9312083333333336,0.2,0.2,1.0,10.4,0.8,0.4,5.2,11.399999999999999,16.6,3.7999999999999994,2.3714285714285714,-0.8660254037844386,0.5000000000000001,-0.9986126020839734,0.052658056924614005,841.645767323727,0.0318,0.1858,0.5212,1033.88,0.000329,106.512778,10.955556
2022-10-05,Củ Chi,2022,10,5,0.9591543400596,-1.2958456599403996,0.13573420117071144,-3.1298456599404005,0.0,4.089,1.296,2.9609583333333336,2.793,2.9364166666666667,16.6,9.8,3.0,0.2,10.4,0.8,0.2,27.2,33.0,9.066666666666666,4.714285714285714,-0.8660254037844386,0.5000000000000001,-0.9975590477788613,0.06982797572987089,841.645767323727,0.0318,0.1858,0.5212,1033.88,0.000329,106.512778,10.955556
2022-10-06,Củ Chi,2022,10,6,0.9921543400596003,-1.3458456599403996,0.16990086783737807,-3.1628456599404,0.0,4.155,1.134,2.913958333333333,3.0210000000000004,2.9609583333333336,0.4,0.2,2.0,16.6,0.2,10.4,4.4,17.2,29.0,5.733333333333333,4.142857142857143,-0.8660254037844386,0.5000000000000001,-0.9962102997023297,0.0869772313136861,841.645767323727,0.0318,0.1858,0.5212,1033.88,0.000329,106.512778,10.955556
2022-10-07,Củ Chi,2022,10,7,0.9481543400596004,-1.0038456599403998,0.26452934005960027,-3.2898456599404,0.0,4.238,1.105,2.9892916666666665,3.1330000000000005,2.913958333333333,25.6,9.8,8.0,0.4,16.6,0.2,0.2,42.6,54.400000000000006,14.200000000000001,7.771428571428572,-0.8660254037844386,0.5000000000000001,-0.9945667569706337,0.1041007489354256,841.645767323727,0.0318,0.1858,0.5212,1033.88,0.000329,106.512778,10.955556
2022-10-08,Củ Chi,2022,10,8,0.9871543400596,-0.9898456599403996,0.37592170117071144,-3.2998456599404,0.0,4.287,1.176,3.0267083333333336,3.111,2.9892916666666665,28.4,6.2,21.0,25.6,0.4,16.6,0.4,54.4,82.4,18.133333333333333,11.771428571428572,-0.8660254037844386,0.5000000000000001,-0.9926289059345095,0.121193461470736,841.645767323727,0.0318,0.1858,0.5212,1033.88,0.000329,106.512778,10.955556
2022-10-09,Củ Chi,2022,10,9,1.0321543400596005,-0.6488456599403998,0.4277619789484892,-3.3408456599404,0.0,4.373,1.465,3.1002916666666667,2.9080000000000004,3.0267083333333336,2.2,0.2,11.0,28.4,25.6,0.4,0.8,56.2,83.80000000000001,18.733333333333334,11.971428571428573,-0.8660254037844386,0.5000000000000001,-0.9903973200352558,0.1382503109109819,841.645767323727,0.0318,0.1858,0.5212,1033.88,0.000329,106.512778,10.955556
2022-10-10,Củ Chi,2022,10,10,1.0761543400596003,-0.4738456599403997,0.482071006726267,-3.2768456599403994,0.0,4.353,1.746,3.110583333333333,2.607,3.1002916666666667,17.0,5.6,17.0,2.2,28.4,25.6,10.4,47.599999999999994,90.4,15.866666666666665,12.914285714285715,-0.8660254037844386,0.5000000000000001,-0.9878726596350429,0.15526624985999563,841.645767323727,0.0318,0.1858,0.5212,1033.88,0.000329,106.512778,10.955556
2022-10-11,Củ Chi,2022,10,11,1.0981543400596003,-0.3558456599403996,0.5063800345040447,-3.2748456599404,0.0,4.373,1.525,3.119,2.8480000000000003,3.110583333333333,3.4000000000000004,3.2,2.0,17.0,2.2,28.4,0.2,22.6,93.6,7.533333333333334,13.37142857142857,-0.8660254037844386,0.5000000000000001,-0.9850556718215013,0.172236243027682,841.645767323727,0.0318,0.1858,0.5212,1033.88,0.000329,106.512778,10.955556
2022-10-12,Củ Chi,2022,10,12,1.1171543400596005,-0.3048456599403997,0.5576265622818225,-3.2928456599404,0.0,4.41,1.398,3.248666666666667,3.0120000000000005,3.119,0.0,0.0,0.0,3.4000000000000004,17.0,2.2,16.6,20.4,77.0,6.8,11.0,-0.8660254037844386,0.5000000000000001,-0.981947190186646,0.18915526872004093,841.645767323727,0.0318,0.1858,0.5212,1033.88,0.000329,106.512778,10.955556
2022-10-13,Củ Chi,2022,10,13,1.0991543400596002,-0.3568456599403997,0.5643939233929337,-3.2128456599404,0.0,4.312,1.3,3.171291666666667,3.0120000000000005,3.248666666666667,0.0,0.0,0.0,0.0,3.4000000000000004,17.0,0.4,3.4000000000000004,76.6,1.1333333333333335,10.942857142857141,-0.8660254037844386,0.5000000000000001,-0.9785481345802031,0.20601832032517084,841.645767323727,0.0318,0.1858,0.5212,1033.88,0.000329,106.512778,10.955556
2022-10-14,Củ Chi,2022,10,14,1.0251543400596004,-0.5638456599403996,0.4598661456151559,-3.0338456599403996,0.0,4.059,1.205,3.1131666666666664,2.854,3.171291666666667,8.4,4.8,4.0,0.0,0.0,3.4000000000000004,25.6,8.4,59.400000000000006,2.8000000000000003,8.485714285714286,-0.8660254037844386,0.5000000000000001,-0.9748595108374125,0.22282040779479959,841.645767323727,0.0318,0.1858,0.5212,1033.88,0.000329,106.512778,10.955556
2022-10-15,Củ Chi,2022,10,15,0.9191543400596004,-0.7558456599403997,0.34322725672626697,-3.0298456599403996,0.0,3.949,1.412,3.1381666666666668,2.537,3.1131666666666664,0.0,0.0,0.0,8.4,0.0,0.0,28.4,8.4,31.0,2.8000000000000003,4.428571428571429,-0.8660254037844386,0.5000000000000001,-0.9708824104813836,0.23955655912092708,841.645767323727,0.0318,0.1858,0.5212,1033.88,0.000329,106.512778,10.955556
2022-10-16,Củ Chi,2022,10,16,0.8721543400596004,-0.9018456599403996,0.27544253450404477,-2.9518456599403997,0.0,3.824,1.651,3.1510416666666665,2.173,3.1381666666666668,0.0,0.0,0.0,0.0,8.4,0.0,2.2,8.4,28.8,2.8000000000000003,4.114285714285715,-0.8660254037844386,0.5000000000000001,-0.9666180104000972,0.2562218218071163,841.645767323727,0.0318,0.1858,0.5212,1033.88,0.000329,106.512778,10.955556
2022-10-17,Củ Chi,2022,10,17,0.8291543400596002,-1.0978456599403996,0.14297031228182255,-3.0518456599403994,0.0,3.881,1.776,3.1213333333333337,2.1049999999999995,3.1510416666666665,0.0,0.0,0.0,0.0,0.0,8.4,17.0,0.0,11.8,0.0,1.6857142857142857,-0.8660254037844386,0.5000000000000001,-0.9620675724981452,0.27281126433401914,841.645767323727,0.0318,0.1858,0.5212,1033.88,0.000329,106.512778,10.955556
2022-10-18,Củ Chi,2022,10,18,0.8311543400596004,-1.0108456599403997,0.16387309005960032,-3.1578456599403992,0.0,3.989,1.953,3.161666666666666,2.036,3.1213333333333337,6.2,4.2,5.0,0.0,0.0,0.0,3.4000000000000004,6.2,14.600000000000001,2.066666666666667,2.085714285714286,-0.8660254037844386,0.5000000000000001,-0.957232443323312,0.28931997761869527,841.645767323727,0.0318,0.1858,0.5212,1033.88,0.000329,106.512778,10.955556
2022-10-19,Củ Chi,2022,10,19,0.9671543400596,-0.8448456599403997,0.2569564233929336,-3.1668456599404005,0.0,4.134,2.066,3.204041666666667,2.0680000000000005,3.161666666666666,42.2,14.0,19.0,6.2,0.0,0.0,0.0,48.400000000000006,56.800000000000004,16.133333333333336,8.114285714285716,-0.8660254037844386,0.5000000000000001,-0.9521140536681102,0.3057430764672831,841.645767323727,0.0318,0.1858,0.5212,1033.88,0.000329,106.512778,10.955556
2022-10-20,Củ Chi,2022,10,20,1.0571543400596004,-0.7198456599403997,0.3406543400596003,-3.2138456599403993,0.0,4.271,2.088,3.278916666666667,2.183,3.204041666666667,3.6,0.8,8.0,42.2,6.2,0.0,0.0,52.00000000000001,60.400000000000006,17.333333333333336,8.62857142857143,-0.8660254037844386,0.5000000000000001,-0.9467139181463862,0.3220757010206104,841.645767323727,0.0318,0.1858,0.5212,1033.88,0.000329,106.512778,10.955556
2022-10-21,Củ Chi,2022,10,21,1.1111543400596002,-0.3968456599403998,0.5011092011707113,-3.1948456599404,0.0,4.306,2.296,3.406833333333333,2.01,3.278916666666667,0.0,0.0,0.0,3.6,42.2,6.2,8.4,45.800000000000004,52.00000000000001,15.266666666666667,7.42857142857143,-0.8660254037844386,0.5000000000000001,-0.9410336347451197,0.3383130181923076,841.645767323727,0.0318,0.1858,0.5212,1033.88,0.000329,106.512778,10.955556
2022-10-22,Củ Chi,2022,10,22,1.1271543400596002,-0.6878456599403997,0.36434878450404473,-3.0548456599404004,0.0,4.182,2.07,3.23575,2.1120000000000005,3.406833333333333,0.0,0.0,0.0,0.0,3.6,42.2,0.0,3.6,52.00000000000001,1.2,7.42857142857143,-0.8660254037844386,0.5000000000000001,-0.9350748843515574,0.3544502230989869,841.645767323727,0.0318,0.1858,0.5212,1033.88,0.000329,106.512778,10.955556
2022-10-23,Củ Chi,2022,10,23,0.7621543400596005,-0.5978456599403996,0.22334878450404475,-3.4508456599403994,0.0,4.213,1.979,3.170208333333333,2.234,3.23575,11.6,3.2,10.0,0.0,0.0,3.6,0.0,11.6,63.60000000000001,3.8666666666666667,9.085714285714287,-0.8660254037844386,0.5000000000000001,-0.9288394302558068,0.3704825404820963,841.645767323727,0.0318,0.1858,0.5212,1033.88,0.000329,106.512778,10.955556
2022-10-24,Củ Chi,2022,10,24,0.7141543400596004,-0.5988456599403997,0.25745989561515586,-3.6608456599403993,0.0,4.375,2.098,3.229416666666667,2.277,3.170208333333333,57.8,19.8,13.0,11.6,0.0,0.0,0.0,69.39999999999999,121.4,23.13333333333333,17.342857142857145,-0.8660254037844386,0.5000000000000001,-0.9223291176290545,0.3864052261209853,841.645767323727,0.0318,0.1858,0.5212,1033.88,0.000329,106.512778,10.955556
2022-10-25,Củ Chi,2022,10,25,0.7491543400596001,-0.5768456599403997,0.2228557289484892,-3.4788456599404,0.0,4.228,1.784,3.136875,2.444,3.229416666666667,28.4,12.0,7.0,57.8,11.6,0.0,6.2,97.8,143.6,32.6,20.514285714285712,-0.8660254037844386,0.5000000000000001,-0.9155458729775467,0.40221356823680365,841.645767323727,0.0318,0.1858,0.5212,1033.88,0.000329,106.512778,10.955556
2022-10-26,Củ Chi,2022,10,26,0.6911543400596003,-1.0628456599403997,0.03435364075890102,-3.6668456599403996,0.0,4.358,1.308,3.131333333333333,3.05,3.136875,0.2,0.2,1.0,28.4,57.8,11.6,42.2,86.4,101.6,28.8,14.514285714285714,-0.8660254037844386,0.5000000000000001,-0.9084917035725082,0.41790288888678667,841.645767323727,0.0318,0.1858,0.5212,1033.88,0.000329,106.512778,10.955556
2022-10-27,Củ Chi,2022,10,27,0.6021543400596003,-1.0848456599403995,0.0021265622818225343,-3.8058456599404,0.0,4.408,1.014,3.15525,3.394,3.131333333333333,19.8,2.8,22.0,0.2,28.4,57.8,3.6,48.4,117.80000000000001,16.133333333333333,16.82857142857143,-0.8660254037844386,0.5000000000000001,-0.9011686968561569,0.4334685453485363,841.645767323727,0.0318,0.1858,0.5212,1033.88,0.000329,106.512778,10.955556
2022-10-28,Củ Chi,2022,10,28,0.6671543400596003,-0.9688456599403996,0.059164756726267004,-3.7178456599403997,0.0,4.385,1.015,3.2241250000000004,3.37,3.15525,0.0,0.0,0.0,19.8,0.2,28.4,0.0,20.0,117.80000000000001,6.666666666666667,16.82857142857143,-0.8660254037844386,0.5000000000000001,-0.8935790198239952,0.4489059314938798,841.645767323727,0.0318,0.1858,0.5212,1033.88,0.000329,106.512778,10.955556
2022-10-29,Củ Chi,2022,10,29,0.6451543400596005,-1.1228456599403995,0.060348784504044746,-3.617845659940399,0.0,4.263,0.9,3.168875,3.363,3.2241250000000004,2.8,2.4,3.0,0.0,19.8,0.2,0.0,22.6,120.60000000000001,7.533333333333334,17.22857142857143,-0.8660254037844386,0.5000000000000001,-0.8857249183835637,0.4642104791518923,841.645767323727,0.0318,0.1858,0.5212,1033.88,0.000329,106.512778,10.955556
2022-10-30,Củ Chi,2022,10,30,0.5321543400596005,-1.2918456599403996,-0.0613942710515108,-3.6048456599403993,0.0,4.137,0.97,3.127166666666667,3.167,3.168875,0.0,0.0,0.0,2.8,0.0,19.8,11.6,2.8,109.0,0.9333333333333332,15.571428571428571,-0.8660254037844386,0.5000000000000001,-0.8776087166898392,0.4793776594606945,841.645767323727,0.0318,0.1858,0.5212,1033.88,0.000329,106.512778,10.955556
2022-10-31,Củ Chi,2022,10,31,0.4061543400596001,-1.4968456599403996,-0.21607829882928856,-3.6388456599404,0.0,4.045,1.078,3.0810416666666662,2.967,3.127166666666667,0.0,0.0,0.0,0.0,2.8,0.0,57.8,2.8,51.199999999999996,0.9333333333333332,7.314285714285714,-0.8660254037844386,0.5000000000000001,-0.8692328164574792,0.49440298420761813,841.645767323727,0.0318,0.1858,0.5212,1033.88,0.000329,106.512778,10.955556
2022-11-01,Củ Chi,2022,11,1,0.3901543400596001,-1.7218232381697658,-0.34216877116424577,-3.7248456599404003,0.0,4.115,1.298,3.081166666666667,2.817,3.0810416666666662,0.0,0.0,0.0,0.0,0.0,2.8,28.4,0.0,22.8,0.0,3.257142857142857,-0.5000000000000004,0.8660254037844384,-0.8605996962501181,0.5092820071573356,841.645767323727,0.0318,0.1858,0.5212,1033.88,0.000329,106.512778,10.955556
2022-11-02,Củ Chi,2022,11,2,0.4721543400596004,-1.5408456599403997,-0.24034913216262194,-3.7718456599403996,0.0,4.244,1.555,3.1607916666666664,2.689,3.081166666666667,0.0,0.0,0.0,0.0,0.0,0.0,0.2,0.0,22.6,0.0,3.2285714285714286,-0.5000000000000004,0.8660254037844384,-0.8517119107469189,0.5240103253675756,841.645767323727,0.0318,0.1858,0.5212,1033.88,0.000329,106.512778,10.955556
2022-11-03,Củ Chi,2022,11,3,0.5451543400596004,-1.3508456599403995,-0.14453663216262191,-3.7418456599403997,0.0,4.287,1.813,3.3729523809523805,2.474,3.1607916666666664,6.6,1.4,10.0,0.0,0.0,0.0,19.8,6.6,9.399999999999999,2.1999999999999997,1.3428571428571427,-0.5000000000000004,0.8660254037844384,-0.8425720899866032,0.5385835804920232,841.645767323727,0.0318,0.1858,0.5212,1033.88,0.000329,106.512778,10.955556
2022-11-04,Củ Chi,2022,11,4,0.5981543400596003,-1.0028456599403996,-0.03167204882928858,-3.7768456599404,0.0,4.375,2.006,3.276666666666667,2.369,3.3729523809523805,0.8,0.2,4.0,6.6,0.0,0.0,0.0,7.3999999999999995,10.2,2.4666666666666663,1.457142857142857,-0.5000000000000004,0.8660254037844384,-0.8331829385891785,0.5529974600700271,841.645767323727,0.0318,0.1858,0.5212,1033.88,0.000329,106.512778,10.955556
2022-11-05,Củ Chi,2022,11,5,0.6131543400596005,-1.1738456599403997,-0.014623437718177463,-3.707845659940399,0.0,4.321,2.109,3.280083333333333,2.212,3.276666666666667,0.0,0.0,0.0,0.8,6.6,0.0,2.8,7.3999999999999995,7.3999999999999995,2.4666666666666663,1.0571428571428572,-0.5000000000000004,0.8660254037844384,-0.8235472349556007,0.5672476988027229,841.645767323727,0.0318,0.1858,0.5212,1033.88,0.000329,106.512778,10.955556
2022-11-06,Củ Chi,2022,11,6,0.3011543400596004,-1.0698456599403996,-0.3085921877181775,-4.0028456599404,0.0,4.304,2.149,3.201958333333333,2.155,3.280083333333333,4.6,1.4,8.0,0.0,0.8,6.6,0.0,5.3999999999999995,12.0,1.7999999999999998,1.7142857142857142,-0.5000000000000004,0.8660254037844384,-0.8136678304455991,0.5813300798152042,841.645767323727,0.0318,0.1858,0.5212,1033.88,0.000329,106.512778,10.955556
2022-11-07,Củ Chi,2022,11,7,0.3621543400596001,-1.1078456599404,-0.23399496549595522,-3.8538456599404,0.0,4.216,1.796,3.1504583333333334,2.42,3.201958333333333,28.0,12.6,5.0,4.6,0.0,0.8,0.0,32.6,40.0,10.866666666666667,5.714285714285714,-0.5000000000000004,0.8660254037844384,-0.8035476485339116,0.5952404359043674,841.645767323727,0.0318,0.1858,0.5212,1033.88,0.000329,106.512778,10.955556
2022-11-08,Củ Chi,2022,11,8,0.3661543400596001,-1.2768456599403997,-0.24605746549595522,-3.9338456599404,0.0,4.3,1.502,3.214916666666667,2.798,3.1504583333333334,0.0,0.0,0.0,28.0,4.6,0.0,0.0,32.6,40.0,10.866666666666667,5.714285714285714,-0.5000000000000004,0.8660254037844384,-0.7931896839451843,0.6089746507720486,841.645767323727,0.0318,0.1858,0.5212,1033.88,0.000329,106.512778,10.955556
2022-11-09,Củ Chi,2022,11,9,0.4261543400596002,-1.2298456599403995,-0.1683942710515108,-3.7968456599403995,0.0,4.223,1.273,3.1945416666666664,2.95,3.214916666666667,0.2,0.2,1.0,0.0,28.0,4.6,0.0,28.2,40.2,9.4,5.742857142857143,-0.5000000000000004,0.8660254037844384,-0.7825970017677834,0.6225286602431057,841.645767323727,0.0318,0.1858,0.5212,1033.88,0.000329,106.512778,10.955556
2022-11-10,Củ Chi,2022,11,10,0.3991543400596005,-1.3618456599403996,-0.18242899327373302,-3.8108456599403997,0.0,4.21,1.153,3.1758333333333333,3.057,3.1945416666666664,0.0,0.0,0.0,0.2,0.0,28.0,6.6,0.2,33.6,0.06666666666666667,4.8,-0.5000000000000004,0.8660254037844384,-0.7717727365467837,0.6358984534680745,841.645767323727,0.0318,0.1858,0.5212,1033.88,0.000329,106.512778,10.955556
2022-11-11,Củ Chi,2022,11,11,0.3891543400596002,-1.5148456599403997,-0.21360260438484413,-3.7108456599403996,0.0,4.1,1.031,3.118375,3.069,3.1758333333333333,0.0,0.0,0.0,0.0,0.2,0.0,0.8,0.2,32.800000000000004,0.06666666666666667,4.685714285714286,-0.5000000000000004,0.8660254037844384,-0.7607200913564104,0.6490800741100398,841.645767323727,0.0318,0.1858,0.5212,1033.88,0.000329,106.512778,10.955556
2022-11-12,Củ Chi,2022,11,12,0.3701543400596001,-1.6378456599403997,-0.2693630210515108,-3.6648456599404002,0.0,4.035,1.138,3.076625,2.897,3.118375,1.6,1.0,4.0,0.0,0.0,0.2,0.0,1.6,34.4,0.5333333333333333,4.914285714285714,-0.5000000000000004,0.8660254037844384,-0.7494423368521953,0.6620696215153815,841.645767323727,0.0318,0.1858,0.5212,1033.88,0.000329,106.512778,10.955556
2022-11-13,Củ Chi,2022,11,13,0.3041543400596003,-1.6698456599403997,-0.3118942710515108,-3.5768456599403997,0.0,3.881,1.173,3.032541666666667,2.708,3.076625,4.2,2.6,5.0,1.6,0.0,0.0,4.6,5.800000000000001,34.0,1.9333333333333336,4.857142857142857,-0.5000000000000004,0.8660254037844384,-0.7379428103031386,0.6748632518680403,841.645767323727,0.0318,0.1858,0.5212,1033.88,0.000329,106.512778,10.955556
2022-11-14,Củ Chi,2022,11,14,0.2461543400596002,-1.8159165950057576,-0.38730487846081785,-3.5718456599404,0.0,3.818,1.304,3.0050833333333333,2.514,3.032541666666667,0.0,0.0,0.0,4.2,1.6,0.0,28.0,5.8,6.0,1.9333333333333333,0.8571428571428571,-0.5000000000000004,0.8660254037844384,-0.7262249146041543,0.6874571793269664,841.645767323727,0.0318,0.1858,0.5212,1033.88,0.000329,106.512778,10.955556
2022-11-15,Củ Chi,2022,11,15,0.2541543400596002,-1.9012561406270356,-0.5254742682867553,-3.5128456599403997,0.0,3.767,1.545,2.9925416666666664,2.222,3.0050833333333333,26.4,16.2,5.0,0.0,4.2,1.6,0.0,30.599999999999998,32.4,10.2,4.628571428571428,-0.5000000000000004,0.8660254037844384,-0.7142921172691032,0.699847677146407,841.645767323727,0.0318,0.1858,0.5212,1033.88,0.000329,106.512778,10.955556
2022-11-16,Củ Chi,2022,11,16,0.2101543400596002,-1.8956572551985769,-0.599223471469839,-3.6248456599403998,0.0,3.835,1.715,2.986375,2.12,2.9925416666666664,5.8,2.2,8.0,26.4,0.0,4.2,0.2,32.199999999999996,37.99999999999999,10.733333333333333,5.428571428571428,-0.5000000000000004,0.8660254037844384,-0.7021479494046978,0.7120310787787131,841.645767323727,0.0318,0.1858,0.5212,1033.88,0.000329,106.512778,10.955556
2022-11-17,Củ Chi,2022,11,17,0.2281543400596002,-1.7766915602801188,-0.6146847581760766,-3.6988456599404,0.0,3.927,1.931,2.994,1.996,2.986375,10.6,6.4,3.0,5.8,26.4,0.0,0.0,42.8,48.599999999999994,14.266666666666666,6.942857142857142,-0.5000000000000004,0.8660254037844384,-0.6897960046655887,0.7240037789593305,841.645767323727,0.0318,0.1858,0.5212,1033.88,0.000329,106.512778,10.955556
2022-11-18,Củ Chi,2022,11,18,0.2691543400596003,-1.6773916030977376,-0.6551376035492614,-3.7018456599403997,0.0,3.971,2.062,3.0345,1.9090000000000005,2.994,10.2,6.0,7.0,10.6,5.8,26.4,0.0,26.599999999999998,58.8,8.866666666666665,8.4,-0.5000000000000004,0.8660254037844384,-0.6772399381909491,0.7357622347736527,841.645767323727,0.0318,0.1858,0.5212,1033.88,0.000329,106.512778,10.955556
2022-11-19,Củ Chi,2022,11,19,0.2891543400596004,-1.4828456599403996,-0.5167796877181775,-3.6938456599403997,0.0,3.983,2.19,3.046291666666667,1.793,3.0345,2.2,0.6,8.0,10.2,10.6,5.8,1.6,22.999999999999996,59.4,7.666666666666665,8.485714285714286,-0.5000000000000004,0.8660254037844384,-0.6644834655228552,0.7473029667054297,841.645767323727,0.0318,0.1858,0.5212,1033.88,0.000329,106.512778,10.955556
2022-11-20,Củ Chi,2022,11,20,0.2841543400596003,-1.3628456599403995,-0.46743593771817743,-3.8168456599404,0.0,4.101,2.184,3.0736666666666665,1.917,3.046291666666667,0.4,0.2,2.0,2.2,10.2,10.6,4.2,12.799999999999999,55.599999999999994,4.266666666666667,7.942857142857142,-0.5000000000000004,0.8660254037844384,-0.6515303615068021,0.75862255966641,841.645767323727,0.0318,0.1858,0.5212,1033.88,0.000329,106.512778,10.955556
2022-11-21,Củ Chi,2022,11,21,0.4311543400596005,-1.1578456599403997,-0.34129010438484414,-3.6388456599404,0.0,4.07,1.865,3.060583333333333,2.205,3.0736666666666665,0.0,0.0,0.0,0.4,2.2,10.2,0.0,2.6,55.599999999999994,0.8666666666666667,7.942857142857142,-0.5000000000000004,0.8660254037844384,-0.6383844591746642,0.769717664006921,841.645767323727,0.0318,0.1858,0.5212,1033.88,0.000329,106.512778,10.955556
2022-11-22,Củ Chi,2022,11,22,0.5931543400596004,-1.0788456599403995,-0.1064462172072903,-3.5378456599404,0.0,4.131,1.577,3.0388750000000004,2.5540000000000003,3.060583333333333,62.4,8.2,45.0,0.0,0.4,2.2,26.4,62.8,91.6,20.933333333333334,13.085714285714285,-0.5000000000000004,0.8660254037844384,-0.6250496486104377,0.7805849965070866,841.645767323727,0.0318,0.1858,0.5212,1033.88,0.000329,106.512778,10.955556
2022-11-23,Củ Chi,2022,11,23,0.7131543400596001,-1.0158456599403998,0.09535920117071142,-3.4398456599403993,0.0,4.153,1.186,3.0409583333333337,2.967,3.0388750000000004,13.8,3.2,14.0,62.4,0.0,0.4,5.8,76.2,99.6,25.400000000000002,14.228571428571428,-0.5000000000000004,0.8660254037844384,-0.6115298757991053,0.7912213413483807,841.645767323727,0.0318,0.1858,0.5212,1033.88,0.000329,106.512778,10.955556
2022-11-24,Củ Chi,2022,11,24,0.7301543400596004,-1.1518456599403997,0.09177934005960031,-3.4828456599403994,0.0,4.213,0.814,3.0262083333333334,3.399,3.0409583333333337,5.8,3.8,5.0,13.8,62.4,0.0,10.6,82.0,94.8,27.333333333333332,13.542857142857143,-0.5000000000000004,0.8660254037844384,-0.5978291414589552,0.801623551065242,841.645767323727,0.0318,0.1858,0.5212,1033.88,0.000329,106.512778,10.955556
2022-11-25,Củ Chi,2022,11,25,0.7301543400596004,-1.3488456599403995,0.052442534504044756,-3.4698456599403995,0.0,4.2,0.463,2.97675,3.737,3.0262083333333334,69.2,15.4,8.0,5.8,13.8,62.4,10.2,88.80000000000001,153.8,29.600000000000005,21.97142857142857,-0.5000000000000004,0.8660254037844384,-0.5839514998576998,0.8117885474764613,841.645767323727,0.0318,0.1858,0.5212,1033.88,0.000329,106.512778,10.955556
2022-11-26,Củ Chi,2022,11,26,0.7461543400596005,-1.4548456599403996,0.05002239561515586,-3.444845659940399,0.0,4.191,0.351,2.9539166666666667,3.84,2.97675,2.4,1.4,3.0,69.2,5.8,13.8,2.2,77.4,153.99999999999997,25.8,21.999999999999996,-0.5000000000000004,0.8660254037844384,-0.5699010576127624,0.821713322596059,841.645767323727,0.0318,0.1858,0.5212,1033.88,0.000329,106.512778,10.955556
2022-11-27,Củ Chi,2022,11,27,0.7501543400596005,-1.4868456599403996,0.030501562281822533,-3.3518456599404,0.0,4.102,0.366,2.924041666666667,3.736,2.9539166666666667,0.0,0.0,0.0,2.4,69.2,5.8,0.4,71.60000000000001,153.6,23.86666666666667,21.942857142857143,-0.5000000000000004,0.8660254037844384,-0.5556819724760489,0.8313949395234058,841.645767323727,0.0318,0.1858,0.5212,1033.88,0.000329,106.512778,10.955556
2022-11-28,Củ Chi,2022,11,28,0.6961543400596002,-1.5128456599403997,0.009821006726266991,-3.3008456599404,0.0,3.997,0.499,2.889875,3.498,2.924041666666667,0.0,0.0,0.0,0.0,2.4,69.2,0.0,2.4,153.6,0.7999999999999999,21.942857142857143,-0.5000000000000004,0.8660254037844384,-0.5412984521036173,0.8408305333122887,841.645767323727,0.0318,0.1858,0.5212,1033.88,0.000329,106.512778,10.955556
2022-11-29,Củ Chi,2022,11,29,0.6911543400596003,-1.5298456599403998,-0.0030331599403996944,-3.3028456599403997,0.0,3.994,0.794,2.891,3.2,2.889875,0.0,0.0,0.0,0.0,0.0,2.4,62.4,0.0,91.2,0.0,13.028571428571428,-0.5000000000000004,0.8660254037844384,-0.5267547528105542,0.8500173118187018,841.645767323727,0.0318,0.1858,0.5212,1033.88,0.000329,106.512778,10.955556
2022-11-30,Củ Chi,2022,11,30,0.7071543400596003,-1.6308456599403998,-0.14755052105151079,-3.3418456599404003,0.0,4.049,1.114,2.9159583333333337,2.9350000000000005,2.891,0.0,0.0,0.0,0.0,0.0,0.0,13.8,0.0,77.4,0.0,11.057142857142859,-0.5000000000000004,0.8660254037844384,-0.5120551783114646,0.8589525565270845,841.645767323727,0.0318,0.1858,0.5212,1033.88,0.000329,106.512778,10.955556
2022-12-01,Củ Chi,2022,12,1,0.7011543400596005,-1.5388456599403997,-0.17319635438484413,-3.507845659940399,0.0,4.209,1.575,3.072695652173913,2.6339999999999995,2.9159583333333337,0.0,0.0,0.0,0.0,0.0,0.0,5.8,0.0,71.60000000000001,0.0,10.22857142857143,-2.4492935982947064e-16,1.0,-0.4972040784469378,0.8676336233547726,841.645767323727,0.0318,0.1858,0.5212,1033.88,0.000329,106.512778,10.955556
2022-12-02,Củ Chi,2022,12,2,0.7931543400596002,-1.1598456599403997,-0.013481076607066357,-3.3198456599404,0.0,4.113,1.874,3.068833333333333,2.2390000000000003,3.072695652173913,5.4,2.8,5.0,0.0,0.0,0.0,69.2,5.4,7.800000000000001,1.8,1.1142857142857143,-2.4492935982947064e-16,1.0,-0.4822058478963526,0.8760579434344281,841.645767323727,0.0318,0.1858,0.5212,1033.88,0.000329,106.512778,10.955556
2022-12-03,Củ Chi,2022,12,3,0.7141543400596004,-0.7368456599403996,0.024321006726266983,-3.3498456599403994,0.0,4.064,2.21,3.106875,1.854,3.068833333333333,36.6,7.0,16.0,5.4,0.0,0.0,2.4,42.0,42.0,14.0,6.0,-2.4492935982947064e-16,1.0,-0.46706492487743034,0.8842230238742036,841.645767323727,0.0318,0.1858,0.5212,1033.88,0.000329,106.512778,10.955556
2022-12-04,Củ Chi,2022,12,4,0.7061543400596004,-0.6568456599403998,0.09108489561515587,-3.5368456599403997,0.0,4.243,2.1,3.239333333333333,2.143,3.106875,0.4,0.2,2.0,36.6,5.4,0.0,0.0,42.4,42.4,14.133333333333333,6.057142857142857,-2.4492935982947064e-16,1.0,-0.451785789832884,0.8921264484954345,841.645767323727,0.0318,0.1858,0.5212,1033.88,0.000329,106.512778,10.955556
2022-12-05,Củ Chi,2022,12,5,0.7601543400596003,-0.7418456599403996,0.17161961783737809,-3.4558456599404,0.0,4.216,1.998,3.2845,2.218,3.239333333333333,25.0,19.6,4.0,0.4,36.6,5.4,0.0,62.0,67.4,20.666666666666668,9.62857142857143,-2.4492935982947064e-16,1.0,-0.4363729641045924,0.8997658785476209,841.645767323727,0.0318,0.1858,0.5212,1033.88,0.000329,106.512778,10.955556
2022-12-06,Củ Chi,2022,12,6,0.7631543400596004,-0.8898456599403997,0.1905779511707114,-3.5058456599404,0.0,4.269,1.678,3.34204347826087,2.591,3.2845,123.8,24.4,19.0,25.0,0.4,36.6,0.0,149.2,191.2,49.73333333333333,27.314285714285713,-2.4492935982947064e-16,1.0,-0.42083100859565564,0.9071390534005044,841.645767323727,0.0318,0.1858,0.5212,1033.88,0.000329,106.512778,10.955556
2022-12-07,Củ Chi,2022,12,7,0.7951543400596004,-0.8988456599403997,0.2328001733929336,-3.4608456599404,0.0,4.256,1.36,3.2587916666666668,2.896,3.34204347826087,0.2,0.2,1.0,123.8,25.0,0.4,0.0,149.0,191.39999999999998,49.666666666666664,27.342857142857138,-2.4492935982947064e-16,1.0,-0.4051645224207563,0.9142437912130223,841.645767323727,0.0318,0.1858,0.5212,1033.88,0.000329,106.512778,10.955556
2022-12-08,Củ Chi,2022,12,8,0.7761543400596003,-1.0568456599403997,0.1902029511707114,-3.4648456599403996,0.0,4.241,1.188,3.225083333333333,3.053,3.2587916666666668,0.0,0.0,0.0,0.2,123.8,25.0,0.0,124.0,191.39999999999998,41.333333333333336,27.342857142857138,-2.4492935982947064e-16,1.0,-0.3893781415452015,0.9210779895789526,841.645767323727,0.0318,0.1858,0.5212,1033.88,0.000329,106.512778,10.955556
2022-12-09,Củ Chi,2022,12,9,0.7751543400596004,-1.1448456599403998,0.18203628450404474,-3.5208456599403997,0.0,4.296,1.127,3.246083333333333,3.1690000000000005,3.225083333333333,0.0,0.0,0.0,0.0,0.2,123.8,5.4,0.20000000000001422,185.99999999999997,0.06666666666667141,26.571428571428566,-2.4492935982947064e-16,1.0,-0.37347653741307074,0.9276396261490467,841.645767323727,0.0318,0.1858,0.5212,1033.88,0.000329,106.512778,10.955556
2022-12-10,Củ Chi,2022,12,10,0.7911543400596004,-1.1188456599403995,0.2062446178373781,-3.4458456599403995,0.0,4.237,1.149,3.227958333333333,3.088,3.246083333333333,0.0,0.0,0.0,0.0,0.0,0.2,36.6,0.0,149.39999999999998,0.0,21.342857142857138,-2.4492935982947064e-16,1.0,-0.3574644155648614,0.9339267592294762,841.645767323727,0.0318,0.1858,0.5212,1033.88,0.000329,106.512778,10.955556
2022-12-11,Củ Chi,2022,12,11,0.7841543400596003,-1.1178456599403996,0.20087656228182252,-3.4148456599404,0.0,4.199,1.176,3.2005,3.023,3.227958333333333,0.0,0.0,0.0,0.0,0.0,0.0,0.4,0.0,148.99999999999997,0.0,21.28571428571428,-2.4492935982947064e-16,1.0,-0.34134651424503615,0.9399375283564133,841.645767323727,0.0318,0.1858,0.5212,1033.88,0.000329,106.512778,10.955556
2022-12-12,Củ Chi,2022,12,12,0.7581543400596005,-1.1488456599403998,0.18753281228182253,-3.2758456599403996,0.0,4.034,1.164,3.1305416666666663,2.87,3.2005,0.0,0.0,0.0,0.0,0.0,0.0,25.0,0.0,123.99999999999999,0.0,17.71428571428571,-2.4492935982947064e-16,1.0,-0.3251276029999093,0.9456701548465688,841.645767323727,0.0318,0.1858,0.5212,1033.88,0.000329,106.512778,10.955556
2022-12-13,Củ Chi,2022,12,13,0.6841543400596002,-1.3238456599403996,0.03710920117071142,-3.3068456599404,0.0,3.991,1.379,3.1464583333333334,2.612,3.1305416666666663,0.0,0.0,0.0,0.0,0.0,0.0,123.8,0.0,0.2,0.0,0.028571428571428574,-2.4492935982947064e-16,1.0,-0.30881248126625377,0.9511229423235357,841.645767323727,0.0318,0.1858,0.5212,1033.88,0.000329,106.512778,10.955556
2022-12-14,Củ Chi,2022,12,14,0.6711543400596003,-1.2888456599403997,0.02947725672626698,-3.3378456599404,0.0,4.009,1.577,3.1671666666666667,2.4320000000000004,3.1464583333333334,0.0,0.0,0.0,0.0,0.0,0.0,0.2,0.0,0.0,0.0,0.0,-2.4492935982947064e-16,1.0,-0.29240597695107734,0.9562942772197719,841.645767323727,0.0318,0.1858,0.5212,1033.88,0.000329,106.512778,10.955556
2022-12-15,Củ Chi,2022,12,15,0.6611543400596005,-1.2508456599403996,-0.021776215495955247,-3.369845659940399,0.0,4.031,1.877,3.2089583333333334,2.154,3.1671666666666667,0.0,0.0,0.0,0.0,0.0,0.0,0.0,0.0,0.0,0.0,0.0,-2.4492935982947064e-16,1.0,-0.27591294500296043,0.9611826292540837,841.645767323727,0.0318,0.1858,0.5212,1033.88,0.000329,106.512778,10.955556
2022-12-16,Củ Chi,2022,12,16,0.6571543400596005,-1.1878456599403997,-0.06685260438484412,-3.3628456599403993,0.0,4.02,2.124,3.1931666666666665,1.8959999999999997,3.2089583333333334,0.0,0.0,0.0,0.0,0.0,0.0,0.0,0.0,0.0,0.0,0.0,-2.4492935982947064e-16,1.0,-0.2593382659754056,0.9657865518844574,841.645767323727,0.0318,0.1858,0.5212,1033.88,0.000329,106.512778,10.955556
2022-12-17,Củ Chi,2022,12,17,0.6501543400596004,-0.8688456599403996,-0.02179010438484413,-3.4838456599403997,0.0,4.134,2.504,3.296708333333333,1.6300000000000003,3.1931666666666665,0.0,0.0,0.0,0.0,0.0,0.0,0.0,0.0,0.0,0.0,0.0,-2.4492935982947064e-16,1.0,-0.2426868445825954,0.9701046827361175,841.645767323727,0.0318,0.1858,0.5212,1033.88,0.000329,106.512778,10.955556
2022-12-18,Củ Chi,2022,12,18,0.6471543400596003,-1.0118456599403998,-0.316678993273733,-3.5588456599404,0.0,4.206,2.756,3.4484166666666667,1.4500000000000006,3.296708333333333,0.0,0.0,0.0,0.0,0.0,0.0,0.0,0.0,0.0,0.0,0.0,-2.4492935982947064e-16,1.0,-0.22596360824801906,0.974135744004672,841.645767323727,0.0318,0.1858,0.5212,1033.88,0.000329,106.512778,10.955556
2022-12-19,Củ Chi,2022,12,19,0.2451543400596003,-0.8708456599403996,-0.2755088543848441,-4.051845659940399,0.0,4.297,2.139,3.4062916666666667,2.158,3.4484166666666667,0.0,0.0,0.0,0.0,0.0,0.0,0.0,0.0,0.0,0.0,0.0,-2.4492935982947064e-16,1.0,-0.20917350564635637,0.9778785428342386,841.645767323727,0.0318,0.1858,0.5212,1033.88,0.000329,106.512778,10.955556
2022-12-20,Củ Chi,2022,12,20,0.3021543400596003,-1.1088456599403995,-0.2816720488292886,-3.9068456599403993,0.0,4.209,1.701,3.2994583333333334,2.508,3.4062916666666667,0.0,0.0,0.0,0.0,0.0,0.0,0.0,0.0,0.0,0.0,0.0,-2.4492935982947064e-16,1.0,-0.19232150523909483,0.9813319716704275,841.645767323727,0.0318,0.1858,0.5212,1033.88,0.000329,106.512778,10.955556
2022-12-21,Củ Chi,2022,12,21,0.3031543400596004,-1.3788456599403998,-0.295210243273733,-3.9638456599404,0.0,4.267,1.527,3.2601666666666667,2.74,3.2994583333333334,0.0,0.0,0.0,0.0,0.0,0.0,0.0,0.0,0.0,0.0,0.0,-2.4492935982947064e-16,1.0,-0.17541259380427843,0.9844950085880858,841.645767323727,0.0318,0.1858,0.5212,1033.88,0.000329,106.512778,10.955556
2022-12-22,Củ Chi,2022,12,22,0.3151543400596004,-1.5108456599403997,-0.28151579882928857,-4.058845659940399,0.0,4.374,1.216,3.3488260869565214,3.1579999999999995,3.2601666666666667,0.0,0.0,0.0,0.0,0.0,0.0,0.0,0.0,0.0,0.0,0.0,-2.4492935982947064e-16,1.0,-0.15845177496083632,0.9873667175937016,841.645767323727,0.0318,0.1858,0.5212,1033.88,0.000329,106.512778,10.955556
2022-12-23,Củ Chi,2022,12,23,0.3641543400596003,-1.5598456599403996,-0.25665815994039964,-4.0038456599404,0.0,4.368,0.78,3.204708333333333,3.588,3.3488260869565214,0.0,0.0,0.0,0.0,0.0,0.0,0.0,0.0,0.0,0.0,0.0,-2.4492935982947064e-16,1.0,-0.14144406768794202,0.9899462489023779,841.645767323727,0.0318,0.1858,0.5212,1033.88,0.000329,106.512778,10.955556
2022-12-24,Củ Chi,2022,12,24,0.3601543400596003,-1.7071423458997042,-0.3105823461705286,-4.0638456599404,0.0,4.424,0.433,3.1127083333333334,3.991000000000001,3.204708333333333,0.0,0.0,0.0,0.0,0.0,0.0,0.0,0.0,0.0,0.0,0.0,-2.4492935982947064e-16,1.0,-0.12439450483979998,0.9922328391893008,841.645767323727,0.0318,0.1858,0.5212,1033.88,0.000329,106.512778,10.955556
2022-12-25,Củ Chi,2022,12,25,0.3481543400596003,-1.769963692840944,-0.333561400177533,-4.0708456599403995,0.0,4.419,0.336,3.0664583333333333,4.082999999999999,3.1127083333333334,0.0,0.0,0.0,0.0,0.0,0.0,0.0,0.0,0.0,0.0,0.0,-2.4492935982947064e-16,1.0,-0.10730813165636247,0.9942258118156161,841.645767323727,0.0318,0.1858,0.5212,1033.88,0.000329,106.512778,10.955556
2022-12-26,Củ Chi,2022,12,26,0.0713936942013961,-1.6995535175789682,-0.4665248045748491,-4.222606305798603,0.0,4.294,0.366,2.993583333333333,3.928,3.0664583333333333,0.0,0.0,0.0,0.0,0.0,0.0,0.0,0.0,0.0,0.0,0.0,-2.4492935982947064e-16,1.0,-0.09019000427034513,0.9959245770286599,841.645767323727,0.0318,0.1858,0.5212,1033.88,0.000329,106.512778,10.955556
2022-12-27,Củ Chi,2022,12,27,,,,,,4.155,0.669,2.996708333333333,3.486,2.993583333333333,0.0,0.0,0.0,0.0,0.0,0.0,0.0,0.0,0.0,0.0,0.0,-2.4492935982947064e-16,1.0,-0.07304518821104743,0.9973286321364752,841.645767323727,0.0318,0.1858,0.5212,1033.88,0.000329,106.512778,10.955556
2022-12-28,Củ Chi,2022,12,28,,,,,,4.104,0.87,2.977583333333333,3.234,2.996708333333333,0.0,0.0,0.0,0.0,0.0,0.0,0.0,0.0,0.0,0.0,0.0,-2.4492935982947064e-16,1.0,-0.05587875690537313,0.9984375616565666,841.645767323727,0.0318,0.1858,0.5212,1033.88,0.000329,106.512778,10.955556
2022-12-29,Củ Chi,2022,12,29,,,,,,4.111,1.339,2.978166666666666,2.772,2.977583333333333,0.0,0.0,0.0,0.0,0.0,0.0,0.0,0.0,0.0,0.0,0.0,-2.4492935982947064e-16,1.0,-0.03869579017652689,0.9992510374388481,841.645767323727,0.0318,0.1858,0.5212,1033.88,0.000329,106.512778,10.955556
2022-12-30,Củ Chi,2022,12,30,,,,,,4.122,1.843,3.064208333333333,2.279,2.978166666666666,0.0,0.0,0.0,0.0,0.0,0.0,0.0,0.0,0.0,0.0,0.0,-2.4492935982947064e-16,1.0,-0.021501372740813793,0.999768818762748,841.645767323727,0.0318,0.1858,0.5212,1033.88,0.000329,106.512778,10.955556
2022-12-31,Củ Chi,2022,12,31,,,,,,4.102,2.388,3.141,1.7140000000000004,3.064208333333333,0.0,0.0,0.0,0.0,0.0,0.0,0.0,0.0,0.0,0.0,0.0,-2.4492935982947064e-16,1.0,-0.004300592702981974,0.9999907524084426,841.645767323727,0.0318,0.1858,0.5212,1033.88,0.000329,106.512778,10.955556
